[
    {
        "naam": "aardappelen",
        "prijs": 0.95,
        "eenheid": "kg"
    },
    {
        "naam": "avocado",
        "prijs": 2.69,
        "eenheid": "stuk"
    },
    {
        "naam": "bloemkool",
        "prijs": 1.93,
        "eenheid": "stuk"
    },
    {
        "naam": "broccoli",
        "prijs": 1.29,
        "eenheid": "stuk"
    },
    {
        "naam": "champignons",
        "prijs": 0.89,
        "eenheid": "250g"
    },
    {
        "naam": "chinese kool",
        "prijs": 1.59,
        "eenheid": "stuk"
    },
    {
        "naam": "groene kool",
        "prijs": 1.69,
        "eenheid": "stuk"
    },
    {
        "naam": "knolselder",
        "prijs": 1.29,
        "eenheid": "stuk"
    },
    {
        "naam": "komkommer",
        "prijs": 2.49,
        "eenheid": "stuk"
    },
    {
        "naam": "kropsla",
        "prijs": 1.69,
        "eenheid": "stuk"
    },
    {
        "naam": "paprika",
        "prijs": 0.89,
        "eenheid": "net"
    },
    {
        "naam": "prei",
        "prijs": 2.99,
        "eenheid": "bundel"
    },
    {
        "naam": "princessenbonen",
        "prijs": 1,
        "eenheid": "250g"
    },
    {
        "naam": "rapen",
        "prijs": 0.99,
        "eenheid": "bundel"
    },
    {
        "naam": "rode kool",
        "prijs": 1.39,
        "eenheid": "stuk"
    },
    {
        "naam": "sla iceberg",
        "prijs": 1.49,
        "eenheid": "stuk"
    },
    {
        "naam": "spinazie vers",
        "prijs": 1.89,
        "eenheid": "300g"
    },
    {
        "naam": "sjalot",
        "prijs": 0.99,
        "eenheid": "500g"
    },
    {
        "naam": "spruiten",
        "prijs": 1.86,
        "eenheid": "kg"
    },
    {
        "naam": "trostomaat",
        "prijs": 2.99,
        "eenheid": "500g"
    },
    {
        "naam": "ui",
        "prijs": 0.89,
        "eenheid": "kg"
    },
    {
        "naam": "witloof 1ste keus",
        "prijs": 1.49,
        "eenheid": "700g"
    },
    {
        "naam": "wortelen",
        "prijs": 2.59,
        "eenheid": "kg"
    },
    {
        "naam": "courgetten",
        "prijs": 1.5,
        "eenheid": "stuk"
    }
]